121.194.2.252,5801
42.51.4.177,3272
223.111.147.153,3053
220.242.150.246,2540
101.78.209.110,2329
103.43.184.154,2198
14.29.84.56,1951
61.183.9.153,1280
223.111.150.149,1249
223.111.150.46,1248
118.130.133.161,910
121.194.2.247,846
175.6.23.60,704
106.13.48.184,656
218.249.69.210,604
140.143.17.156,603
106.75.31.140,599
106.13.18.86,592
42.157.131.201,591
193.112.164.113,583
106.53.94.179,542
104.236.252.162,515
140.207.114.222,497
113.134.211.228,486
42.51.156.6,479
138.68.99.46,459
106.13.59.16,446
82.78.196.35.bc.googleusercontent.com,441
139.59.84.111,434
124.160.33.62,434
124.65.152.14,431
59.36.77.194,430
crypto.beeone.co.uk,425
101.227.90.169,423
52.176.110.203,420
142.93.251.39,415
82.208.162.115,409
167.71.166.233,407
243.ip-51-83-72.eu,407
106.75.157.9,391
218.90.157.210,387
89.38.145.24,384
112.253.11.105,384
218.241.134.34,381
184.red-83-48-101.staticip.rima-tde.net,379
219.232.47.114,369
162.ip-137-74-44.eu,365
106.12.215.125,364
14.63.182.9,360
128.199.154.60,360
ns3133388.ip-51-75-146.eu,357
104.248.58.71,351
139.59.85.59,350
180.168.156.213,350
167.71.40.125,347
206.81.7.42,346
sanyaade.plus.com,341
221.125.165.59,339
118.24.111.239,336
140.ip-193-70-37.eu,336
211-75-136-208.hinet-ip.hinet.net,335
118.24.153.230,333
ns3317937.ip-5-135-165.eu,333
118.89.247.74,331
106.52.120.210,329
87.130.14.62,328
45.80.65.80,325
118.24.108.205,325
78.ip-51-83-69.eu,322
29.ip-51-75-171.eu,321
135.ip-192-99-245.net,321
118.24.97.158,319
ns364702.ip-94-23-204.eu,319
36.ip-51-77-140.eu,316
159.65.4.64,314
80.211.82.228,312
107.170.227.141,307
180.168.223.66,307
74.63.250.6,306
178.128.246.54,305
200.122.234.203,304
212.227.200.232,300
c-98-213-58-68.hsd1.il.comcast.net,299
59.36.78.10,297
65.129.32.132,295
58.240.218.198,293
96.56.82.194,292
162.243.158.185,292
2.red-88-26-236.staticip.rima-tde.net,292
178.128.183.90,288
157.230.186.166,288
138.68.247.1,287
178.176.60.196,287
157.230.208.92,286
37.203.208.3,285
106.13.121.175,285
desligar.me,284
110.42.6.31,281
46.101.162.247,280
111.230.151.134,279
ip207.ip-51-38-153.eu,279
34.ip-92-222-84.eu,278
120.132.29.195,278
115.159.216.187,277
216.ip-51-68-122.eu,276
206.189.132.184,275
183.82.121.34,274
116.90.81.15,274
104.248.1.14,273
111.75.199.85,272
134.209.81.63,271
112.35.26.43,270
106.2.12.222,269
ns529890.ip-149-56-23.net,268
106.52.94.13,268
82.146.58.219,265
ns3010600.ip-5-135-152.eu,265
106.12.5.35,265
188.166.28.110,264
68.183.190.251,263
up-bg.net,263
62.234.99.172,263
188.213.165.47,262
ns516271.ip-167-114-210.net,261
60-250-23-233.hinet-ip.hinet.net,260
40.113.221.207,258
185.81.251.59,258
188.131.228.31,258
212.118.1.206,257
58.250.161.97,256
122.224.77.186,256
113.141.66.255,255
80.211.136.203,254
210.14.77.102,254
139.198.122.76,253
58.247.22.85,253
1.179.220.208,253
129.204.65.101,251
36.36.200.181,247
205.27.202.35.bc.googleusercontent.com,244
98.ip-151-80-155.eu,243
108-77-81-198.lightspeed.rlghnc.sbcglobal.net,243
134.209.40.67,242
38.122.132.178,240
115.78.8.83,239
85.192.35.167,239
186.18.234.206,238
192.144.175.106,237
199.195.252.213,236
115.124.94.146,236
193.112.198.245,236
111.231.75.83,235
222.180.199.138,233
104.248.151.145,233
165.22.143.139,232
178.62.41.7,232
114.67.110.221,232
vps06.bubbleswave.com,231
106.12.107.225,231
117.73.2.103,231
101.231.135.146,230
82.ip-176-31-162.eu,230
157.230.119.200,230
138.197.140.194,229
188.166.34.129,229
122.15.82.83,229
190.117.226.85,228
131.ip-79-137-77.eu,228
ns3058468.ip-193-70-32.eu,226
109.ip-51-83-78.eu,225
167.99.144.196,225
142.93.187.58,225
117.187.12.126,224
221.132.17.75,224
209.97.153.35,224
206.189.57.117,224
110.80.142.84,224
204.48.31.193,223
123.108.200.150,221
130.61.121.78,221
ns4005626.ip-192-99-17.net,220
122.114.130.82,220
80.211.133.145,220
138.68.58.6,220
host174-217-static.7-79-b.business.telecomitalia.it,219
46.101.142.99,218
157.245.10.95,218
106.12.141.142,217
152.32.191.57,216
107.173.145.168,215
87.242.240.35.bc.googleusercontent.com,214
216.ip-144-217-243.net,214
smtp9.itdchile.org,213
42.51.204.24,211
189.4.1.12,210
207.154.192.152,209
182.253.105.93,208
40.76.40.239,204
104.248.87.201,203
111.204.157.197,203
117.48.209.161,202
195.9.32.22,201
36.155.10.19,201
165.22.193.16,200
94.191.64.101,200
128.199.138.31,200
106.13.145.44,200
202-39-70-5.hinet-ip.hinet.net,200
catv-89-133-126-19.catv.broadband.hu,199
106.12.134.58,199
117.50.16.214,199
58.62.207.51,199
125.124.147.117,199
159.65.198.48,198
91.ip-158-69-223.net,198
104.244.74.11,198
103.243.252.244,198
182.61.26.36,198
139.170.149.161,198
20.ip-79-137-33.eu,198
106.38.62.126,197
exxonmobil.online,197
114.67.236.85,197
106.13.23.77,197
123.7.178.136,197
120.132.6.27,197
106.13.119.77,196
182.61.105.104,196
106.13.34.190,196
1.71.129.49,196
124.93.18.202,196
ns3303787.ovh.net,196
irarott.com,196
178.62.194.63,196
tcn010107.tcn-catv.ne.jp,196
45.228.137.6,196
168-128-13-252-eu.mcp-services.net,196
59.108.143.83,195
118.122.124.78,195
115.94.204.156,195
129.211.29.208,195
180.76.158.231,195
211.ip-51-77-137.eu,195
129.211.125.167,195
101.78.209.39,195
183.131.22.206,195
111.231.100.167,195
118.122.196.104,195
221.202.203.192,195
111.230.29.17,195
177.91.155.104.bc.googleusercontent.com,195
106.12.109.188,195
106.12.88.165,195
106.13.200.7,195
223.72.63.86,195
111.231.133.173,195
218.60.41.227,195
101.68.81.66,195
119.29.53.107,194
180.109.142.14,194
58.254.132.156,194
148.70.1.30,194
94.ip-51-38-128.eu,194
106.13.139.163,194
159.65.171.113,194
192.144.130.31,194
140.143.242.159,194
118.192.66.52,194
60.11.113.212,194
193.47.72.15,194
45.40.204.132,194
106.12.5.96,193
183.131.83.73,193
192.144.151.30,193
40.76.65.78,193
104.248.242.125,193
111.122.181.250,193
118.24.210.254,193
114.67.70.94,193
49.234.62.55,193
122.224.175.218,193
211.193.13.111,193
106.12.138.219,193
115.231.231.3,193
69-172-87-212.static.imsbiz.com,193
36.112.128.99,193
113.125.60.208,193
49.234.18.158,193
40.112.248.127,193
host81-142-217-172.in-addr.btopenworld.com,193
140.246.175.68,193
183.105.217.170,193
104.211.225.139,193
62.234.91.237,192
71.28.224.35.bc.googleusercontent.com,192
c-73-137-130-75.hsd1.ga.comcast.net,192
43.241.234.27,192
219.140.163.100,192
106.12.21.123,192
77.222.159.195,192
106.12.199.98,192
106.12.212.141,192
94.191.57.62,192
223.220.159.78,192
139.199.163.235,192
103.243.107.92,192
222.168.40.76,192
139.155.93.180,192
46.101.73.64,191
203.110.179.26,191
30.ip-51-255-168.eu,191
183.230.199.54,191
118.25.152.227,191
180.101.221.152,191
106.12.30.229,191
62.234.156.120,191
110.185.211.109,191
62.234.9.150,191
218.3.139.85,191
106.12.21.124,191
118.121.206.66,191
118.24.95.153,191
69.ip-51-68-189.eu,191
106.13.83.251,190
113.141.70.199,190
59.37.33.202,190
45.40.244.197,190
122.154.46.4,190
94.191.40.166,190
58.227.2.130,190
118.26.64.58,190
106.12.42.95,190
72.2.6.128,190
192.241.220.228,190
odoova.com,190
106.13.208.49,190
74.63.226.142,190
13.67.91.234,190
117.50.13.29,190
119.28.29.169,190
190.96.49.189,190
139.199.113.140,190
114.242.245.251,190
145.239.15.234,190
61.170.186.48,190
114.222.215.227,189
61.163.190.49,189
27.223.89.238,189
182.61.27.149,189
106.13.142.247,189
106.12.102.160,189
159.65.191.184,189
106.13.81.18,189
124.156.202.243,189
123.207.142.208,189
221.214.9.91,189
104.248.187.231,189
123.207.86.68,189
106.12.56.218,189
123.231.44.71,189
106.12.133.247,189
101.89.145.133,189
58.47.177.158,189
5.3.6.82,189
183.87.157.202,188
119.146.150.134,188
128.199.88.188,188
host37-212-static.1-79-b.business.telecomitalia.it,188
200.52.80.34,188
c-174-49-48-61.hsd1.tn.comcast.net,188
5.196.137.213,188
111.230.171.113,188
139.217.223.143,188
106.2.12.179,188
066-006-045-005.ip-addr.inexio.net,188
ns513151.ip-167-114-157.net,188
111.230.54.226,188
114.255.135.116,188
44.ip-79-137-87.eu,188
47.254.172.125,188
119.40.33.22,188
138.68.101.199,187
111.198.54.177,187
pool-108-52-107-31.phlapa.fios.verizon.net,187
123.207.99.21,187
153.ip-51-75-251.eu,187
37.252.190.224,187
157.245.103.66,187
77.81.234.139,187
111.ip-213-32-65.eu,187
157.230.222.2,187
27.28.163.181,187
97.ip-193-70-86.eu,187
212.200.89.249,187
46.175.243.9,187
106.75.126.42,187
106.12.131.5,186
182.61.160.15,186
139.199.133.160,186
103.83.225.15,186
121.22.20.162,186
222.73.205.94,186
41.65.64.36,186
132.145.21.100,186
175.ip-92-222-77.eu,186
161.234.187.35.bc.googleusercontent.com,186
118.25.92.221,185
118.24.122.36,185
skylab.blackvortex.com.mx,185
93.ip-193-70-0.eu,185
62.234.109.203,185
94.191.119.176,185
mail.iceengineering.net.au,184
129.204.219.180,184
43.248.123.33,184
192.227.252.15,184
49.234.86.229,184
244.ip-51-75-120.eu,184
188.166.87.238,184
server.biocuckoo.org,184
92.ip-51-38-126.eu,184
106.12.131.50,184
178.128.48.92,183
124.239.196.154,183
vps-31520.vps-default-host.net,183
202.28.64.1,183
72.ip-51-75-65.eu,183
103.248.14.90,183
208.103.228.153,183
gwt93.internetdsl.tpnet.pl,182
23.94.16.72,182
178.128.21.32,182
c-24-7-159-76.hsd1.ca.comcast.net,182
mail.nceco.ru,182
138.94.114.238,182
22.ip-37-59-100.eu,182
27.254.194.99,182
139.59.23.68,181
219.239.47.66,181
67.205.161.175,181
58.56.32.238,180
static-47-180-89-23.lsan.ca.frontiernet.net,180
d1.ajeel.be,180
245.ip-164-132-107.eu,180
52.231.31.11,180
104.236.61.100,180
ool-6c3a298b.static.optonline.net,179
159.65.219.48,179
167.99.194.54,179
138.197.152.113,179
95.58.194.148,178
54.38.36.210,178
23.94.46.192,178
106.12.30.59,178
15.50.196.104.bc.googleusercontent.com,177
139.199.89.117,177
195.158.24.178,177
68-116-41-6.static.mdfd.or.charter.com,177
159.203.139.128,177
134.209.178.109,177
106.13.117.96,177
174.110.253.220,177
121.134.159.21,177
132.232.181.252,176
proxy.ecoit.asia,176
192.227.252.16,176
200.199.69.75,176
165.22.134.2,176
206.189.202.165,176
159.65.174.81,176
165.227.69.39,176
94.159.18.194,176
42.202.134.6,176
82.129.131.170,175
159.65.92.3,175
128.199.95.163,175
059148173231.ctinets.com,175
129.28.177.29,175
128.199.253.133,175
106.12.195.224,175
182.180.128.132,175
46.101.127.49,175
138.197.180.102,174
188.226.250.69,174
218.149.106.172,174
253.ip-164-132-192.eu,174
84.122.18.69.dyn.user.ono.com,174
167.99.75.143,174
168.126.85.225,174
13.67.74.251,174
132.ip-51-77-192.eu,174
173.239.37.159,173
nexus.openlca.org,173
119.200.186.168,173
178.128.200.69,173
104.211.113.93,173
42.ip-193-70-0.eu,173
119.29.234.236,173
165.227.96.190,173
201.48.206.146,173
175.6.75.251,172
116.85.28.9,172
177.50.207.183,172
185.56.153.231,172
121.129.112.106,172
119.29.58.239,172
175.6.79.194,172
175.6.75.205,172
104.224.162.238.16clouds.com,171
instock.mx,171
ec2-52-86-185-62.compute-1.amazonaws.com,171
ns3010967.ip-5-135-181.eu,171
178.128.208.73,171
138.197.147.233,171
108.ip-164-132-197.eu,171
139.99.98.248,171
220.247.174.14,170
138.36.96.46,170
185.66.213.64,170
fixed-187-188-148-50.totalplay.net,170
a109-51-146-4.cpe.netcabo.pt,170
129.204.202.89,170
simplexhimes.com,169
142.ip-51-79-71.net,169
36.89.163.178,169
213.146.203.200,169
162.216.113.206,169
167.99.190.44,168
static.91.79.203.116.clients.your-server.de,168
115.88.201.58,168
157.230.123.136,168
159.89.188.167,168
22.ip-167-114-115.net,168
186.42.103.181,167
185.105.121.55,167
212.156.136.114,167
165.22.250.67,167
net-2-32-86-50.cust.vodafonedsl.it,167
121.184.64.15,167
dsl51b7fd56.fixip.t-online.hu,167
196.44.191.3,167
94.191.70.31,166
159.65.239.104,166
zz20154340266f658a7e.userreverse.dion.ne.jp,166
190.151.26.35,166
202077048250.static.ctinets.com,164
181.48.29.35,164
118.24.37.81,163
200.150.87.131,163
107.172.46.82,162
40.73.33.66,162
121.182.166.82,162
177.72.99.10,162
87.ip-54-38-185.eu,162
178.128.223.28,161
201.182.223.59,161
197.248.16.118,161
104.248.181.156,161
103.10.30.204,160
106.245.160.140,160
162.252.57.102,160
181.30.27.11,160
67.205.136.215,160
52.232.31.246,159
53.ip-51-254-210.eu,159
77.68.72.182,159
51.15.51.2,159
119.197.77.52,158
138.68.106.62,158
254.ip-54-37-154.eu,157
159.65.70.218,157
206.189.153.147,157
241.ip-51-77-194.eu,156
190.5.241.138,156
138.197.176.130,156
211.118.42.251,156
112.33.16.34,156
14.63.167.192,155
188.173.80.134,155
84-217-109-6.customers.ownit.se,155
31.46.16.95,155
103.89.124.170,155
182.61.58.131,155
138.68.27.177,154
159.203.179.100,154
51.158.162.242,154
45.70.217.198,152
118-92-93-233.dsl.dyn.ihug.co.nz,151
5.1.88.50,151
42-200-66-164.static.imsbiz.com,151
102.141.72.50,151
106.12.196.28,150
159.65.160.105,150
62.4.30.253,149
167.71.82.184,149
131.221.34.147,148
103.139.12.24,148
117.239.48.242,148
190.7.128.74,147
103.17.55.200,147
159.65.109.148,147
v6rwik.artofmark.net,147
207.154.218.16,147
83.175.213.250,147
182.156.196.50,146
171.244.51.114,146
151.70.156.92,146
89.42.234.129,145
121.8.124.244,145
159.89.204.28,144
157.230.178.121,144
117.48.208.124,144
49.234.154.108,143
51.158.117.17,143
103.87.25.201,142
196.40.156.49,142
alefragkis.ece.upatras.gr,142
ip168-243-232-149.intercom.com.sv,141
121.15.140.178,141
41.111.135.196,140
80.211.35.16,140
ip235.ip-51-79-129.net,140
87.130.14.61,140
215.39.73.34.bc.googleusercontent.com,139
ip-103-253-107-43.interlink.net.id,138
222.ip-51-75-195.eu,138
212.129.34.72,138
202.45.147.125,137
122.52.48.92,137
180.250.248.39,136
195-154-255-85.rev.poneytelecom.eu,136
107.179.95.9,135
165.227.9.145,135
103.207.11.12,134
ns3115987.ip-54-38-47.eu,134
124.239.191.101,134
190.145.78.66,134
173-161-242-217-philadelphia.hfc.comcastbusiness.net,134
68.183.207.50,133
202.77.114.34,133
116.85-86-181.dynamic.clientes.euskaltel.es,132
103.218.170.110,132
marocgeo-r.com,132
177.132.247.251,131
107.170.76.170,131
190.104.153.41,131
132.232.131.30,131
120.241.38.230,130
129.146.168.196,130
104.244.76.33,128
v118-27-12-50.64eh.static.cnode.io,128
static.105.65.99.88.clients.your-server.de,128
ns3069721.ip-37-187-23.eu,127
181.176.221.221,127
hwsrv-585172.hostwindsdns.com,127
49.149.146.139,126
182.74.17.80,125
220-128-97-16.hinet-ip.hinet.net,124
95.85.62.139,124
mjs.ddns.jazztel.es,124
60-250-23-105.hinet-ip.hinet.net,124
153.254.115.57,123
132.145.213.82,122
167.71.203.150,122
business-188-142-209-49.business.broadband.hu,122
92.63.194.90,120
61.ip-176-31-191.eu,120
49.204.76.142,120
104.236.122.193,120
165.22.59.25,119
203.129.219.198,118
218.75.216.20,118
106.12.25.143,116
178.62.4.64,116
157.245.163.149,116
179.110.173.224,115
125.212.233.50,114
180.168.156.214,114
1.179.137.10,113
221.131.68.210,112
201.228.121.230,112
ec2-54-72-203-114.eu-west-1.compute.amazonaws.com,112
salonatcom.com,112
139.219.14.12,111
220-134-144-96.hinet-ip.hinet.net,110
104.236.250.88,110
111.230.247.104,110
157.245.4.129,110
com-tech.ath.forthnet.gr,110
167.71.37.62,109
121.32.151.202,109
167.99.180.229,108
101.228.82.239,107
106.12.178.62,106
212.64.28.77,106
119.29.104.238,106
59.56.74.165,105
113.125.25.73,104
149.ip-51-77-195.eu,104
182.61.50.145,102
106.53.86.229,102
ip103.ip-46-105-94.eu,102
106.12.215.130,101
124.124.57.130,100
122.166.237.117,100
163.172.67.123,100
43.226.69.132,100
207.154.239.128,100
kd027091172124.ppp-bb.dion.ne.jp,100
13.67.74.159,99
112.64.32.118,98
86.43.103.111,97
106.75.215.100,96
62-210-214-239.rev.poneytelecom.eu,96
139.59.22.169,96
bangazon.com,95
181.120.246.83,95
88.214.26.171,94
108-75-217-101.lightspeed.irvnca.sbcglobal.net,93
chuyenbk2002.ee.nthu.edu.tw,92
222.94.140.120,91
188.252.69.82,91
223-197-250-72.static.imsbiz.com,90
191-246-81-227.3g.claro.net.br,90
128.199.145.205,89
94.62-99-71.static.clientes.euskaltel.es,88
139.199.48.216,88
37.139.24.204,88
134.175.37.176,88
115.159.85.165,88
209.97.161.177,88
213.133.3.8,86
106.12.203.210,86
178.128.223.34,85
ns561359.ip-54-39-107.net,85
201.55.33.90,85
202.85.220.177,84
139.199.35.66,84
128.199.143.163,84
ov-a6235e.infomaniak.ch,83
140.143.241.251,83
h213-21-67-184.cust.a3fiber.se,82
104.40.3.249,81
147.50.3.30,81
207.154.211.36,80
106.13.34.212,80
138.68.53.119,79
27.254.90.106,78
103.224.166.68,77
82.200.226.226.dial.online.kz,77
174.138.32.158,76
61-231-67-195.dynamic-ip.hinet.net,76
106.13.52.74,75
149-210-171-235.colo.transip.net,74
106.51.141.20,74
209.141.58.87,74
14.98.22.30,73
122.225.203.162,73
68.183.150.254,72
203.162.13.68,72
83.14.199.49,71
106.12.206.253,70
173.ip-142-44-160.net,70
storage.luxim.io,69
117.27.151.104,69
103.16.202.90,69
81.30.212.14.static.ufanet.ru,68
mail.databean.co.kr,68
23.ip-51-254-39.eu,67
187.237.130.98,67
89.249.65.41,66
159.65.148.91,66
178.128.91.46,66
41.204.161.161,66
95.110.173.147,65
106.12.16.107,65
159.89.38.26,65
ec2-13-233-130-94.ap-south-1.compute.amazonaws.com,65
net-93-148-209-74.cust.dsl.teletu.it,63
ec2-34-242-0-29.eu-west-1.compute.amazonaws.com,63
104.244.79.225,63
ftp1.rlan.ru,63
host-176-37-85-37.la.net.ua,62
39.ip-151-80-144.eu,62
43.225.180.227,61
104.244.77.11,60
157.245.172.156,60
140.207.46.136,59
host81-133-189-239.in-addr.btopenworld.com,59
41.78.201.48,59
187.140.249.247,59
c-98-251-166-55.hsd1.ms.comcast.net,59
27.150.169.54,59
190.111.249.177,58
ns3008795.ip-151-80-46.eu,58
14.63.223.226,58
1.213.195.154,58
129.204.194.119,57
211.104.171.239,57
167.71.95.171,57
178.88.115.126,57
103.51.153.235,57
49.207.128.109,56
45.55.15.134,56
92.63.194.47,56
202.137.128.139,56
157.245.3.66,55
220-134-138-111.hinet-ip.hinet.net,55
157.245.131.121,55
209.141.56.234,54
141.98.80.71,54
165.227.18.169,54
ec2-18-223-30-253.us-east-2.compute.amazonaws.com,53
103.210.133.5,53
167.71.246.151,52
185.255.76.79,52
124.ip-51-77-212.eu,52
134.209.87.150,52
213.192.94.102,52
server.capcog911.org,52
118.25.27.67,51
132.232.132.103,51
58.144.150.233,51
177.16.125.101,51
202.131.126.138,51
124.74.248.218,50
159.65.148.241,50
106.12.127.211,50
118.25.138.95,50
202.ip-149-56-132.net,50
125.131.20.157,49
net-93-148-209-74.cust.vodafonedsl.it,48
140.143.228.18,48
217.61.1.164,47
106.53.71.176,47
152.136.116.121,47
47.254.131.53,47
plex1.domin8.media,47
41.228.12.149,46
159.203.180.188,45
159.65.218.8,45
201.198.151.8,45
5.182.210.254,44
106.52.93.188,44
104.244.79.146,44
67.205.135.188,44
179.233.31.10,42
164.68.116.247,42
179.85.178.249,42
39.107.100.204,42
host81-136-255-20.in-addr.btopenworld.com,41
174.138.29.145,40
27.210.143.2,40
205.185.125.82,40
27.72.89.85,40
134.209.206.249,40
218.94.136.90,40
iwc106.internetdsl.tpnet.pl,39
2-228-149-174.ip192.fastwebnet.it,39
181.223.213.28,39
104.244.75.97,39
185.244.39.248,39
124.30.96.14,39
103.121.26.150,38
134.209.11.199,37
134.175.80.27,37
209.45.29.218,37
157.230.182.94,37
103.112.215.14,36
47.188.154.94,36
179.106.57.242,35
104.248.117.234,35
92.188.124.228,34
180.107.90.232,34
45.245.46.1,34
228.80-203-84.nextgentel.com,34
69.10.41.179,33
104.244.72.98,33
130.61.117.31,32
88.214.26.8,32
200.95.175.117,32
70.125.42.101,32
114.113.80.249,32
ns3134519.ip-51-75-147.eu,32
ec2-3-1-72-203.ap-southeast-1.compute.amazonaws.com,31
ip104.ip-217-182-158.eu,31
157.245.104.83,31
61-231-102-209.dynamic-ip.hinet.net,30
198.199.81.33,30
static.252.10.69.159.clients.your-server.de,30
broadband-188-32-85-234.ip.moscow.rt.ru,30
ilw166.internetdsl.tpnet.pl,30
193.188.22.12,30
167.71.100.3,30
177.156.23.249,29
116.196.112.25,29
178.128.87.28,29
183.129.188.92,29
77.223.36.250,28
37.ip-213-32-91.eu,28
200.108.139.242,27
191.33.165.177,26
206.189.212.81,26
219.142.28.206,26
32.ip-91-134-241.eu,26
mobile-access-2e8417-10.dhcp.inet.fi,26
193.32.163.123,26
vmi275934.contaboserver.net,25
195.208.116.246,24
223.99.127.3,24
50.115.169.146,24
14.18.32.156,24
185.244.25.194,24
45.67.14.180,23
104.244.77.235,23
191.27.93.74,23
116.110.29.173,22
104.218.48.211,22
157.245.2.14,22
157.245.130.4,22
1.203.80.78,22
144.91.67.122,22
p4rec01.upc.es,22
185.186.77.237,22
202.131.227.60,22
157.245.11.251,22
185.186.77.115,22
50.7.250.210,21
167.71.108.181,21
178.62.117.106,21
49.83.155.234,21
80.211.132.145,21
167.99.252.222,21
198.167.201.35.bc.googleusercontent.com,21
185.216.132.15,21
61.164.248.8,20
103.35.198.219,20
185.177.57.25,19
059148043097.ctinets.com,19
209.97.163.51,18
52.62.236.35.bc.googleusercontent.com,18
41.232.73.85,18
104.42.250.222,18
193.188.22.188,18
c-73-212-16-243.hsd1.md.comcast.net,17
mobile-access-6df07f-227.dhcp.inet.fi,17
179.166.8.141,16
86.63.207.134,16
182.72.139.6,16
94.191.70.163,16
77.243.183.134,16
106.52.35.207,16
185.233.186.156,15
165.227.196.116,15
209.141.54.195,15
167.71.110.184,15
197.45.155.12,15
167.71.73.16,15
134.209.225.247,15
104.248.203.79,15
67.207.95.247,15
167.71.2.89,15
153.ip-51-77-146.eu,15
157.245.143.138,15
157.245.13.33,15
157.245.131.116,15
58.50.160.26,15
,14
61.19.38.146,14
host251-114-static.131-212-b.business.telecomitalia.it,14
112.86.255.42,14
60.12.215.85,14
118.25.189.123,14
222.188.29.110,14
117.187.30.118,14
114.241.105.188,14
91.195.122.91,14
95.179.229.250,13
119.188.249.126,13
68.183.57.208,13
155.138.227.161,13
193.56.28.47,13
17.ip-54-39-97.net,13
167.71.245.73,13
192.241.158.177,13
123.121.223.253,13
101.36.138.61,12
221.216.99.26,12
27.41.6.150,12
193.201.224.76,12
212.225.149.230,12
218.23.29.41,12
220.88.40.41,12
c-67-191-194-94.hsd1.ga.comcast.net,12
54.36.54.24,12
199.231.185.14,11
157.245.129.241,11
68.183.2.20,11
134.209.79.225,11
45.67.14.153,11
167.99.134.99,11
157.245.104.124,11
185.144.158.26,11
165.22.117.73,11
83.185.197.104.bc.googleusercontent.com,11
157.245.164.119,11
192.241.136.227,11
185.189.183.146,11
45.67.15.136,11
129.204.135.179,11
114.247.177.155,11
vmi293871.contaboserver.net,11
206.81.21.200,11
157.245.220.174,11
14.152.73.14,10
171.235.49.185,10
bzq-62-219-3-57.dcenter.bezeqint.net,10
208.45.197.104.bc.googleusercontent.com,10
ec2-13-232-149-88.ap-south-1.compute.amazonaws.com,10
202.131.237.182,10
43.240.159.138,9
234-46-207-82.ip.ukrtel.net,9
87.97.76.16,9
211.171.72.149,9
94.177.202.153,9
45.67.15.140,9
139.199.108.74,9
200.69.236.112,9
193.112.174.67,8
46.149.48.45,8
117.200.69.3,8
118.194.132.112,8
host-147-34-221-131.static.zglobalhost.com,8
116.52.9.220,8
114.5.81.67,8
112.215.141.101,8
223.100.160.5,8
132.232.4.33,8
193.150.93.96,7
27.195.216.49,7
216-80-110-215.s5077.c3-0.stk-ubr2.chi-stk.il.cable.rcncustomer.com,7
180.126.225.226,7
119.62.59.162,7
106.111.166.209,7
115.59.70.176,7
178.185.122.130,7
182.33.212.12,7
125.105.16.86,7
110.13.14.16,7
183.157.170.225,7
123.185.27.99,7
108.162.155.236,7
121.238.157.5,7
140.237.244.247,7
103.110.12.243,7
36.26.115.133,7
113.229.64.29,7
1.27.137.16,7
223.95.6.156,7
114.206.167.155,7
59.54.150.192,7
157.245.136.224,7
183.157.175.210,7
114.236.6.13,7
112.36.16.154,7
119.116.39.49,7
115.55.37.159,7
171.83.232.65,7
153.34.206.91,7
117.60.134.37,7
113.110.202.216,7
115.53.57.63,7
119.189.12.225,7
222.188.29.221,7
221.206.13.167,7
125.79.104.180,7
180.244.0.233,7
ool-4355f64a.dyn.optonline.net,7
117.60.94.11,7
120.1.53.162,7
220.189.87.41,7
117.63.26.111,7
115.233.227.58,7
c-185-45-237-185.customer.ggaweb.ch,7
206.189.23.43,7
103.77.229.87,7
60.183.225.246,7
219.240.49.50,7
61.136.86.33,7
110.89.139.21,7
180.126.218.16,7
ip5f587a97.dynamic.kabel-deutschland.de,7
121.234.62.185,7
x4d0c5422.dyn.telefonica.de,7
191.205.237.224,7
49.69.52.144,7
185.186.77.229,7
60.191.82.107,7
123.8.165.104,7
106.87.50.232,7
125.99.58.98,7
113.135.224.51,7
114.228.75.210,7
c-24-4-5-246.hsd1.ca.comcast.net,7
123.10.138.105,7
175.6.100.58,7
117.30.233.220,7
222.188.29.29,7
150.138.116.67,7
123.54.225.75,7
180.136.188.10,7
115.199.108.206,7
123.112.99.28,7
106.87.49.87,7
122.246.147.212,7
222.78.76.42,7
113.2.76.179,7
221.2.109.126,7
115.229.199.136,6
60.184.142.168,6
111.53.35.197,6
118.72.34.147,6
180.117.126.102,6
144.131.201.222,6
125.79.104.81,6
49.69.50.62,6
183.157.174.75,6
104.248.211.180,6
142.93.81.77,6
110.19.70.33,6
61.178.12.86,6
58.54.150.43,6
36.26.115.232,6
183.157.172.84,6
119.183.154.154,6
219.139.130.98,6
68.183.105.52,6
101.66.37.86,6
61.147.57.15,6
113.0.224.58,6
183.150.236.237,6
206.189.145.152,6
42.179.75.20,6
171.110.30.227,6
111.183.123.199,6
122.112.133.51,6
167.99.200.84,6
p5b00e624.dip0.t-ipconnect.de,6
101.68.138.156,6
host177-206-static.7-79-b.business.telecomitalia.it,6
113.195.108.227,6
180.158.163.104,6
123.30.154.184,6
scan-8.security.ipip.net,6
128.199.255.146,6
222.188.29.79,6
121.203.207.144,6
180.125.217.31,6
180.126.237.3,6
201.69.200.201,6
121.60.61.114,6
219.128.21.229,6
119.185.154.69,6
110.185.227.134,6
39.64.118.28,6
27.158.129.77,6
114.241.84.46,6
68.183.39.23,6
119.116.26.182,6
101.70.127.168,6
49.69.244.60,6
101.64.108.226,6
222.188.21.3,6
180.165.221.55,6
42.239.142.109,6
110.87.106.196,6
114.236.159.11,6
58.246.154.46,6
115.61.191.42,6
222.140.6.8,6
58.50.161.18,6
221.220.100.122,6
177-59-2-21.3g.claro.net.br,6
223.145.115.98,6
60.213.233.230,6
113.215.220.87,6
27.158.158.137,6
223.99.211.204,6
96.67.224.11,6
78.188.98.85,6
46.101.101.66,6
123.54.232.157,6
180.117.25.96,6
210.178.94.230,6
ip-217-030-075-078.aim-net.cz,6
117.81.52.52,6
61.163.129.134,6
180.126.233.220,6
106.5.45.44,6
121.204.161.202,6
49.69.55.162,6
broadband-5-228-142-129.ip.moscow.rt.ru,6
85.203.201.237,6
182.145.110.190,6
122.193.213.122,6
49.69.200.89,6
206.189.134.83,6
49.69.50.151,6
115.225.79.244,6
115.68.1.14,6
1.28.188.227,6
139.201.164.51,6
110.228.209.170,6
123.4.197.236,6
117.93.199.174,6
111.179.214.66,6
182.46.100.71,6
60.184.176.85,6
121.46.93.230,6
222.128.11.26,6
61.147.50.101,6
182.47.205.229,6
110.164.204.233,6
39.71.46.76,6
49.69.48.177,6
222.188.55.20,6
27.208.63.168,6
212.237.56.165,6
27.190.123.142,6
139.59.79.56,6
183.157.169.38,6
222.188.29.168,6
39.72.153.201,6
222.212.186.93,6
113.67.226.225,6
49.69.205.175,6
117.60.81.15,6
27.208.135.10,6
42.231.10.16,6
206.189.94.158,6
175.6.139.57,6
61.163.173.174,6
221.0.132.29,6
222.188.29.36,6
59.42.62.236,6
138.197.180.16,6
61.147.51.121,6
106.110.245.96,6
217.61.107.69,6
60.188.62.204,6
159.89.165.127,5
106.244.232.198,5
167.99.74.228,5
111.125.195.77,5
165.227.97.108,5
174.138.56.93,5
mail.solmo.co.kr,5
206.189.137.113,5
180.76.112.131,5
106.12.201.237,5
199-246-47-212.rev.cloud.scaleway.com,5
139.59.14.210,5
183.91.82.88,5
167.71.164.163,5
kch-106-33.tm.net.my,5
14.29.144.61,5
110.164.205.133,5
103.94.130.4,5
139.59.78.236,5
188.166.1.123,5
159.65.175.37,5
64.64.4.158,5
159.65.159.1,5
112.49.34.239,4
cpe-72-132-102-110.dc.res.rr.com,4
37.139.21.75,4
98.11.32.74,4
104.244.79.242,4
222.68.48.223,4
xdsl-31-165-60-22.adslplus.ch,4
152.0.104.112,4
159.65.245.203,4
l2tp.mbooking.com.ua,4
39.82.251.189,4
mof40-1-78-212-224-35.fbx.proxad.net,4
109.128.62.54,4
139.59.59.90,4
123.214.186.186,4
adsl-68-251-142-26.dsl.covlil.ameritech.net,4
c-24-99-228-46.hsd1.ga.comcast.net,4
113.192.202.77.rev.sfr.net,4
athedsl-360616.home.otenet.gr,4
1.232.77.64,4
123.177.23.133,4
221.150.15.200,4
129.204.74.15,4
221.180.141.5,4
121.63.65.27,4
128.199.199.113,4
87.99.77.104,4
58.250.174.76,4
168.63.67.55,4
host.62.65.78.89.bitcom.se,4
125.91.122.87,4
66-214-40-126.static.lnbh.ca.charter.com,4
185.80.129.243,4
198.167.141.116,4
119.84.145.183,4
c83-216-109-154.customer.sandnet.se,4
187.172.171.124,4
42.104.97.228,4
ec2-52-81-32-95.cn-north-1.compute.amazonaws.com.cn,3
117.239.69.117,3
14.139.180.72,3
45.248.133.156,3
121.17.126.32,3
159.65.28.33,3
68.183.190.190,3
171.244.49.17,3
134.175.243.183,3
101.81.83.225,3
141.45.194.35.bc.googleusercontent.com,3
192.241.132.55,3
36.99.34.68,3
115.239.224.21,3
111.75.223.93,3
185.164.72.236,3
221.239.29.178,2
14.232.136.103,2
122.70.153.229,2
119.29.26.124,2
144.ip-51-91-249.eu,2
167.71.217.56,2
103.207.39.193,2
111.12.52.239,2
37.114.172.27,2
123.177.20.229,2
185.216.33.180,2
89.36.215.178,2
156.202.156.118,2
217.32.243.148,2
177.152.35.158,2
216.7.159.250,2
124.93.26.114,2
120.230.105.125,2
36.91.152.234,2
123.21.179.132,2
211.24.103.163,2
41.235.253.60,2
host-81-86-212-0.static.as9105.net,2
156.212.194.27,2
114.67.73.185,2
202.137.155.249,2
36.189.253.226,2
113.161.83.90,2
179.171.82.163,2
154.0.68.226,2
220.163.107.130,2
123.20.121.72,2
129.204.90.220,2
45.67.14.152,2
pppoe-46-239-31-70.teol.net,2
109.165.185.165,2
117.50.74.191,2
197.42.193.60,2
200.198.180.178,2
113.172.248.48,2
61.41.159.29,2
211.138.181.202,2
71-84-68-13.dhcp.rvsd.ca.charter.com,2
197.220.6.75,2
41.210.1.255,2
83.246.93.220,2
106.249.48.249,2
106.12.185.58,2
b-fw-1-nat-ucr-secure-v331.ucr.edu,2
41.32.76.253,2
185.46.15.254,2
123.20.45.147,2
219.220.29.38,2
39.152.164.102,2
163.125.87.238,2
46.246.45.175,2
42.104.97.242,2
119.90.61.10,2
113.172.125.99,2
41.232.116.247,2
103.60.126.65,2
118.24.101.182,2
46.246.41.66,2
61.146.115.78,2
178.135.224.178,2
50.239.143.100,2
84.17.48.106,2
116.255.142.226,2
ns3016508.ip-51-254-47.eu,2
148zvsv0k.ni.net.tr,2
mm-129-120-212-37.vitebsk.dynamic.pppoe.byfly.by,2
183.253.21.147,2
222.180.162.8,2
218.240.149.5,2
158.69.252.161,2
221.195.189.145,2
114.207.154.2,2
157.245.39.218,2
110.78.179.243,2
118.187.31.11,2
139.59.169.37,2
51.83.78.109,2
14.169.190.36,2
203.129.226.99,2
12.196.228.10,2
104.211.216.173,2
178.127.246.222,2
128.177.77.188.dynamic.jazztel.es,2
91.224.236.102,2
ip-35-48.sn2.clouditalia.com,2
41.39.59.16,2
195.24.207.252,2
120.230.105.46,2
165.22.213.10,2
187.102.146.102,2
103.250.36.113,2
54.38.185.87,2
171.229.213.84,2
120.52.96.216,2
175.17.60.6,2
211.24.103.165,2
196.200.181.2,2
117.185.62.146,2
14.35.43.105,2
185.164.72.162,2
162.220.165.22,2
177.106.23.19,2
43.252.149.35,2
106.52.151.89,2
218.75.216.21,2
219.139.130.99,1
80.211.225.172,1
112.206.18.249,1
188.163.99.43,1
89.102.68.34.bc.googleusercontent.com,1
121.10.5.164,1
b-fw-1-nat-ucr-secure-v335.ucr.edu,1
58.50.164.59,1
152.242.38.136,1
177.79.69.103,1
61.136.223.34,1
121.63.66.194,1
221.229.160.131,1
5.56.133.249,1
167.220.255.122,1
152.253.125.1,1
123.177.22.5,1
152.251.182.110,1
222.68.55.153,1
